claim_id	report_file	section	claim_text	claim_type	ev_refs	species_model	endpoint	direction	quantitative	power_basis	translation_note	review_status
CL-001	reports/JiuTian-Bio_track2_report.md	1.1	trans configuration remains inferred	inference	EV-0042;EV-0047;EV-0076	human proband	phase	unknown	no	NA	Official answer and disease architecture support the pair, but short reads do not establish trans phase	machine_checked
CL-002	reports/JiuTian-Bio_track2_report.md	1.1	one candidate passed in both lanes	fact	EV-0089	human proband raw reads	allele support	mixed	no	L002 return plus three diagnostic JSONs checked locally against SHA256 manifests	Summary consistency is verified; diagnostic statistics were not independently recomputed and historical BAM/code provenance remains under review	machine_checked
CL-003	reports/JiuTian-Bio_track2_report.md	1.2	missense allele → protein destabilization	inference	EV-0040;EV-0044;EV-0045	transfected cell studies and allele-class transfer	BUBR1 abundance	decrease	yes	published allele-class experiments	Not measured in this patient's cells	machine_checked
CL-004	reports/JiuTian-Bio_track2_report.md	2	highest-ranked eligible hypothesis	research_hypothesis	EV-0057;EV-0078;EV-0079;EV-0088	BubR1-insufficient mouse plus unrelated pediatric TSC exposure	mTORC1-linked tissue phenotype	improve	no	NA	No MVA intervention data; product approval is for other indications	machine_checked
CL-005	reports/JiuTian-Bio_track2_report.md	2	Energy-state modulation may alter	research_hypothesis	EV-0061;EV-0072;EV-0073;EV-0088	Down-syndrome models plus unrelated human exposure	metabolic and stress phenotype	context-dependent	no	NA	No MVA-model evidence; aneuploid-cell support and clearance directions may conflict	machine_checked
CL-006	reports/JiuTian-Bio_track2_report.md	2	high-risk mechanistic probe, not a finalist	research_hypothesis	EV-0063;EV-0088	trisomic MEFs	proliferative fitness	decrease	no	NA	Not tested with chloroquine in the cited BubR1-deficient MEFs and no in-vivo prevention evidence	machine_checked
CL-007	reports/JiuTian-Bio_track2_report.md	2.1	conditional hypothesis, not currently a finalist	research_hypothesis	EV-0066;EV-0070;EV-0088	aging mouse plus unrelated adult trial	BUBR1 abundance	increase	no	NA	NMN-to-niacinamide and product/exposure transfers remain unresolved	machine_checked
CL-008	reports/JiuTian-Bio_track2_report.md	6	no patient-wide MVA-karyotype claim	fact	EV-0085;EV-0086	human bulk blood WGS lane	whole-chromosome median depth	no detected gain	yes	100-kb bins and 1-Mb concordance	Bulk depth does not resolve random cell-to-cell MVA karyotypes	machine_checked
CL-009	reports/JiuTian-Bio_track2_report.md	6	300/300 simulated replicates	fact	EV-0085;EV-0086	block-bootstrap simulation on human bulk blood depth	additional multiplicative gain relative to observed baseline	separate	yes	300 saved post-hoc 1-Mb block-bootstrap replicates; no full rerun in this review	Observed baseline is not an independently calibrated no-gain null; no biological exclusion bound or calibrated power for the original fixed-threshold rule	machine_checked
CL-010	reports/JiuTian-Bio_track2_report.md	1.2	predicted NMD / functional-null hypothesis	inference	EV-0039;EV-0048	annotation plus published findings in other patients and alleles	transcript and protein depletion	predicted decrease	no	NA	Neither transcript depletion nor protein loss has been measured in this proband	machine_checked
